case_id,dataset,tissue,species,expected_cell_type,broad_cell_type,difficulty,case_type,expected_terms,min_score,marker_list,source_dataset,source_accession,label_provenance,evidence_tier,label_evidence,evidence_source,publication_date,data_release_date,post_cutoff,audit_date,circularity_risk,score_granularity,h5ad_path,marker_method,n_cells,fmode,system,solve_tier,core,v1_verdict_ref,boost_verdict_ref,rna_resolvable
neocortex_2025_multiome__astrocyte,neocortex_2025_multiome,brain,human,Astrocyte,Glial,easy,canonical_lineage,astrocyte/astroglia,1,"SLC1A2, GPC5, SLC1A3, CST3, RORA, GLIS3, GPM6A, SPARCL1, OBI1-AS1, CLU, SLC4A4, DTNA, ADGRV1, APOE, NTM, AHCYL2, ATP1A2, MT3, CARMIL1, ITPR2, LSAMP, LINC00299, SORBS1, ATP13A4, RFX4, MIR9-1HG, SLC7A11, PITPNC1, LINC03051, AQP4, SASH1, GRAMD2B, SPON1, MSI2, CTNNA2, BMPR1B, FMN2, TRPS1, GLUL, PREX2, SFXN5, GABRB1, GLUD1, PARD3B, SLCO1C1, PON2, CPE, MACF1, PPP1R9A-AS1, CTNND2",CELLxGENE Census 2025-11-08,aa369999-a034-4ad9-b459-8a93c86ea77b,multiome_atac_spatial_lineage,orthogonal_molecular,"Paired snRNA plus snATAC across 38 neocortical samples; spatial transcriptomics supports organization, and progenitor purification plus lineage tracing validates Tri-IPC lineage relationships.",Wang et al. 2025 Nature DOI:10.1038/s41586-024-08351-7,2025-01-08,,True,2026-06-17,low,lineage_or_subtype,data/raw/neocortex_2025_multiome.h5ad,scanpy.rank_genes_groups[wilcoxon]+autozyme,100,canonical,neural,basic,True,correct,missing,
cortex_mouse_yao_2021__endothelial_cell,cortex_mouse_yao_2021,cortex,mouse,Endothelial cell,Endothelial,easy,canonical_lineage,endothelial/endothelium,1,"Slco1a4, Sgms1, Flt1, Slc2a1, Cldn5, Mecom, Igf1r, Ptprb, Bsg, Atp10a, Ly6c1, Sptbn1, Klf2, Pltp, Rundc3b, Ly6a, Nostrin, Itm2a, Gpcpd1, Abcb1a, Abcg2, Paqr5, Lef1, Nebl, Spock2, Abcc4, Pecam1, Kank3, Epas1, Ramp2, Id1, Kitl, Ccdc141, Slco1c1, Eng, Ptprm, Tbc1d4, Dock9, Sema3c, Slc39a10, Hmcn1, Cyyr1, Fli1, Slc6a6, Igfbp7, Heg1, Ly6e, Tek, Utrn, Sorbs1",CELLxGENE Census 2025-11-08 (mouse motor cortex (mirrors human neocortex)),10.1038/s41586-021-03500-8,snmc_snatac_epigenomic,orthogonal_molecular,snmC-seq2 + snATAC-seq epigenomic cross-validation of MOp RNA taxonomy (BICCN),mouse motor cortex (mirrors human neocortex),2021,2021.0,False,2026-06-17,low,type,data/raw/cortex_mouse_yao_2021.h5ad,scanpy.rank_genes_groups[wilcoxon]+autozyme,120,canonical,stromal,basic,True,correct,missing,
pbmc_hao_citeseq__gamma_delta_T_cell,pbmc_hao_citeseq,blood,human,Gamma-delta T cell,T cell,hard,rare_or_state,gamma-delta/gamma delta/gd T/γδ,1,"TRDC, TRGC1, NKG7, CST7, CCL5, KLRD1, CD3G, PPP2R5C, HCST, TRGC2, GZMA, CD3D, IL32, GZMM, SYNE2, CTSW, HLA-B, PTPRC, CD3E, ARL4C, HLA-A, PRF1, B2M, DUSP2, GNLY, LYAR, PIK3R1, SYNE1, SAMD3, CD247, CD7, CCL4, FGFBP2, HLA-C, LITAF, KLRG1, GZMH, RNF213, MYBL1, ABHD17A, PYHIN1, PLAAT4, RUNX3, CALM1, GZMB, LCK, CD99, MATK, MBP, ZFP36L2",CELLxGENE Census 2025-11-08,ed5d841d-6346-47d4-ab2f-7119ad7e3a35,cite_seq_protein,orthogonal_molecular,CITE-seq WNN labels use RNA plus antibody-derived protein; protein contributes independent evidence for immune subsets.,Hao et al. 2021 Cell DOI:10.1016/j.cell.2021.04.048,2021-05-12,,False,2026-06-17,low,subtype,data/raw/pbmc_hao_citeseq.h5ad,scanpy.rank_genes_groups[wilcoxon]+autozyme,1500,near_neighbor_state,immune,basic,True,correct,,
pbmc_hao_citeseq__hematopoietic_stem_cell,pbmc_hao_citeseq,blood,human,Hematopoietic stem cell,Progenitor,hard,rare_or_state,hematopoietic stem/HSC/progenitor/CD34,1,"SOX4, CDK6, ZFAS1, RACK1, PRSS57, STMN1, GIHCG, ANKRD28, NPM1, SERPINB1, HNRNPA1, EBPL, MSI2, MACROH2A1, MYB, EIF3E, FAM30A, SNHG7, EGFL7, DDAH2, SMIM24, SPINK2, HINT1, CYTL1, BTF3, ATP5MC2, LAPTM4B, YBX3, HSP90AB1, TXN, LYL1, NPR3, CD34, FAM117A, IL18, TSC22D1, LMO2, ZNRF1, NRIP1, SNHG8, GATA2, APEX1, LEPROT, NUCB2, CAT, TFDP2, MTURN, ANP32B, EEF2, TALDO1",CELLxGENE Census 2025-11-08,ed5d841d-6346-47d4-ab2f-7119ad7e3a35,cite_seq_protein,orthogonal_molecular,CITE-seq WNN labels use RNA plus antibody-derived protein; protein contributes independent evidence for immune subsets.,Hao et al. 2021 Cell DOI:10.1016/j.cell.2021.04.048,2021-05-12,,False,2026-06-17,low,subtype,data/raw/pbmc_hao_citeseq.h5ad,scanpy.rank_genes_groups[wilcoxon]+autozyme,329,near_neighbor_state,other,basic,True,correct,,
kidney_mbdrc_multiome__mesangial_cell,kidney_mbdrc_multiome,kidney,human,Mesangial cell,Vascular,hard,rare_or_state,mesangial/glomerular mesangial/intraglomerular,1,"RBMS3, PRKG1, EBF1, ROBO1, CALD1, PIP5K1B, PDE3A, PDGFRB, TMTC1, MEIS1, SLCO3A1, COL25A1, PRKCA, ITGA8, PIEZO2, LINC00882, NBEA, PLCL1, UNC5C, CACNA1C, ADCY3, AKAP12, TACC1, DAAM2, PHTF2, PDE7B, PPARG, DLC1, ELL2, MECOM, PCDH9, ZFPM2-AS1, TIMP3, CDC42BPA, ZBTB46, A2M, TCF4, CPM, LAMA2, KALRN, EPB41L2, RAPGEF5, SOX5, RNF144A, STARD13, DLEU2, ZBTB16, MICAL2, DAPK2, DGKG","CELLxGENE Census 2025-11-08 (mBDRC kidney multiome, Genome Biol 2026)",10.1101/2025.03.06.637075,multiome_atac,orthogonal_molecular,same-nucleus 10x multiome (RNA+ATAC); ATAC backs nephron-segment calls; human counterpart of mouse multiome,Genome Biol 2026 mBDRC (Acera-Mateos),2026,2025,True,2026-06-17,low,type,data/raw/kidney_mbdrc_multiome.h5ad,scanpy.rank_genes_groups[wilcoxon]+autozyme,120,near_neighbor_state,stromal,basic,True,correct,missing,
neocortex_2025_multiome__forebrain_radial_glial_cell,neocortex_2025_multiome,brain,human,Forebrain radial glial cell,Neural progenitor,hard,rare_or_state,radial glia/radial glial;forebrain,1,"GLI3, SHROOM3, CREB5, DACH1, CDON, LINC01965, SYNE2, VIM, MPPED2, MEIS2, ADGRV1, HMGA2, NKAIN3, ENSG00000271860, GULP1, SFRP1, FBXL7, ZFHX4, MIR99AHG, PARD3B, MIR9-2HG, DOK5, COL4A5, FOXP1, PDGFD, NFIA, TBC1D1, FHOD3, GPC6, INTU, SOX5, FABP7, CNTLN, IGF2BP2, IGF2BP3, SETBP1, NEDD4L, PHIP, CCND2, LTBP1, PANTR1, ID4, LINC01551, NCKAP5, BOC, ZEB1, EFNB2, CELSR1, VCAN, COL11A1",CELLxGENE Census 2025-11-08,aa369999-a034-4ad9-b459-8a93c86ea77b,multiome_atac_spatial_lineage,orthogonal_molecular,"Paired snRNA plus snATAC across 38 neocortical samples; spatial transcriptomics supports organization, and progenitor purification plus lineage tracing validates Tri-IPC lineage relationships.",Wang et al. 2025 Nature DOI:10.1038/s41586-024-08351-7,2025-01-08,,True,2026-06-17,low,lineage_or_subtype,data/raw/neocortex_2025_multiome.h5ad,scanpy.rank_genes_groups[wilcoxon]+autozyme,100,near_neighbor_state,neural,basic,True,correct,missing,
neocortex_2025_multiome__VIP_GABAergic_cortical_interneuron,neocortex_2025_multiome,brain,human,VIP GABAergic cortical interneuron,Neural,hard,rare_or_state,VIP;GABAergic/inhibitory/interneuron,2,"ADARB2, GALNTL6, PROX1, SYNPR, THSD7A, KCNT2, FRMPD4, GALNT17, GRM7, NR3C2, MEG3, OLFM3, SNHG14, CIT, CSMD1, INPP4B, CHRM3, CACNA1D, FRMD4A, RGS12, LRFN2, FGF14, VWC2L, SCG2, SNTG1, CNTN4, VIP, CALB2, MTUS2, PCSK2, GABRB2, THRB, ATP2B1, KCNJ3, CDH10, SORCS3, PTPRE, DLX6-AS1, ERBB4, LARGE1, PWRN1, SCN2A, IGF1, PLD5, GRIN2B, AP1S2, DSCAM, MYRIP, NRG3, PLXNA4",CELLxGENE Census 2025-11-08,aa369999-a034-4ad9-b459-8a93c86ea77b,multiome_atac_spatial_lineage,orthogonal_molecular,"Paired snRNA plus snATAC across 38 neocortical samples; spatial transcriptomics supports organization, and progenitor purification plus lineage tracing validates Tri-IPC lineage relationships.",Wang et al. 2025 Nature DOI:10.1038/s41586-024-08351-7,2025-01-08,,True,2026-06-17,low,lineage_or_subtype,data/raw/neocortex_2025_multiome.h5ad,scanpy.rank_genes_groups[wilcoxon]+autozyme,100,near_neighbor_state,neural,basic,True,correct,missing,
neocortex_2025_multiome__pvalb_GABAergic_cortical_interneuron,neocortex_2025_multiome,brain,human,PVALB GABAergic cortical interneuron,Neural,hard,rare_or_state,PVALB/parvalbumin;GABAergic/inhibitory/interneuron,2,"KCNC2, NXPH1, MEF2C, ERBB4, DLGAP2, DPP10, CNTNAP2, SLIT2, FGF12, TAFA2, RASGRF2, ZNF385D, GABRG3, SNHG14, TENM2, HCN1, PTCHD4, GRIA4, GAD2, GABRB2, KIAA1217, SCN1A, DLGAP1, GRIP1, MYO16, ATRNL1, XKR4, GRM5, FMN1, ATP1B1, GRIN2B, OXR1, SERPINI1, SLC4A10, TIAM1, SYT1, VWC2, GAD1, SAMD5, CNTN5, SH3RF3, GABBR2, SYN2, GRK3, MYO5B, SCN1A-AS1, KAZN, CACNB4, NTRK2, VSNL1",CELLxGENE Census 2025-11-08,aa369999-a034-4ad9-b459-8a93c86ea77b,multiome_atac_spatial_lineage,orthogonal_molecular,"Paired snRNA plus snATAC across 38 neocortical samples; spatial transcriptomics supports organization, and progenitor purification plus lineage tracing validates Tri-IPC lineage relationships.",Wang et al. 2025 Nature DOI:10.1038/s41586-024-08351-7,2025-01-08,,True,2026-06-17,low,lineage_or_subtype,data/raw/neocortex_2025_multiome.h5ad,scanpy.rank_genes_groups[wilcoxon]+autozyme,100,near_neighbor_state,neural,basic,True,correct,missing,
pancreas_islet_multiome_2022__PP_cell,pancreas_islet_multiome_2022,pancreas,human,PP cell (gamma),Pancreatic endocrine,hard,rare_or_state,PP cell/gamma cell/pancreatic polypeptide/PPY;islet,1,"PPY, SCGB2A1, PCSK1N, CHGB, MAP1B, SCG2, IDS, APLP1, NPW, CALY, CPE, NLRP1, SEZ6L2, MEIS2, SNHG19, EMC10, NBL1, SYT4, CACNA1A, PCSK2, QPCT, PEG10, IFI6, PAM, PAX6, PAK3, SCG5, ZBTB20, CIRBP, RCAN3, SCG3, TFF3, BCAM, PTPRN, ITM2C, NPDC1, ILF3-DT, ATP6AP1, PLD3, NICOL1, PTPRN2, RAB3B, CBX6, DST, ELL2, SYP, SAMD5, C1QTNF4, ETV1, PCDH17","CELLxGENE Census 2025-11-08 (Islet multiomics, Nat Metab 2022)",10.1038/s42255-022-00531-x,multiome_atac,orthogonal_molecular,same-cell RNA+ATAC multiome; ATAC backs islet endocrine calls; normal subset only,Nat Metab 2022 islet multiomics,2022,2022,False,2026-06-17,low,type,data/raw/pancreas_islet_multiome_2022.h5ad,scanpy.rank_genes_groups[wilcoxon]+autozyme,150,near_neighbor_state,parenchymal,basic,True,correct,missing,
kidney_mouse_multiome__ureteric_bud_cell,kidney_mouse_multiome,kidney,mouse,Ureteric bud cell,Kidney epithelial,hard,rare_or_state,ureteric bud/collecting duct progenitor/ureteric,1,"Grik2, Ctnnd2, Nrg3, Gfra1, Stox2, Dok6, Bmpr1b, 9230110F11Rik, Gpc6, Slco4c1, Hdac9, Lcorl, Naaladl2, Adgrl3, Fras1, Sema6a, Ros1, Fmn1, Sema3d, Robo1, Cyp7b1, Kcnc2, Dock7, Grip1, Sorbs2, Dach1, Cadm1, Hmga2, Nfib, Tox, Sdk1, Tmtc2, Hs3st3b1, Scn8a, Gpc3, Hoxb3, Hs3st3a1, Ppfibp1, Tenm3, Ppp1r9a, Mecom, Nav3, Adgrl2, Limch1, Frem2, Auts2, Prdm16, Mpped2, Calb1, Pax2",CELLxGENE Census 2025-11-08,25818bf7-e2a7-41ec-8ff2-bc369c0ff4f5,multiome_atac,orthogonal_molecular,10x multiome RNA plus ATAC from the same nuclei supports kidney segment identity; ATAC is independent molecular evidence but not a pure experimental gate.,Chen et al. 2025 Nat Genet DOI:10.1038/s41588-025-02161-x,2025-06-01,,True,2026-06-17,low,lineage_or_subtype,data/raw/kidney_mouse_multiome.h5ad,scanpy.rank_genes_groups[wilcoxon]+autozyme,1473,near_neighbor_state,epithelial,basic,True,correct,missing,
kidney_mouse_multiome__kidney_connecting_tubule_epithelial_cell,kidney_mouse_multiome,kidney,mouse,Connecting tubule cell,Kidney epithelial,hard,rare_or_state,connecting tubule/CNT,1,"Slc8a1, Phactr1, Slit2, Mecom, Calb1, Tox3, Tmem52b, Nr3c2, Dach1, Kl, Nudt4, Pkhd1, Ipcef1, Tsc22d2, Tfcp2l1, Tsc22d1, Sox6, Sorbs2, Arl15, Tdrd3, Plcl1, Phactr2, Kcnq1, Cadps2, Stox2, Slc2a9, Grb14, Kng2, Klhl3, Gls, Sgms2, Ccdc141, Sdk1, Wnk1, Kcnj16, Scnn1b, Esrrg, Atp1a1, Acss3, Defb1, Prdm16, AI838599, Ank3, Tmem117, Peli2, Abca13, Magi1, Trpm6, Vdr, Ppargc1a",CELLxGENE Census 2025-11-08,25818bf7-e2a7-41ec-8ff2-bc369c0ff4f5,multiome_atac,orthogonal_molecular,10x multiome RNA plus ATAC from the same nuclei supports kidney segment identity; ATAC is independent molecular evidence but not a pure experimental gate.,Chen et al. 2025 Nat Genet DOI:10.1038/s41588-025-02161-x,2025-06-01,,True,2026-06-17,low,lineage_or_subtype,data/raw/kidney_mouse_multiome.h5ad,scanpy.rank_genes_groups[wilcoxon]+autozyme,1500,near_neighbor_state,epithelial,basic,True,correct,missing,
pbmc_hao_citeseq__B_cell,pbmc_hao_citeseq,blood,human,B cell,B cell,easy,canonical_lineage,B cell/B-cell/B lymphocyte,1,"MS4A1, RALGPS2, CD79A, BANK1, IGHM, CD79B, CD37, TNFRSF13C, CD74, HLA-DRA, HLA-DQA1, HLA-DQB1, HLA-DPB1, SWAP70, HLA-DRB1, LINC00926, ARHGAP24, HLA-DPA1, CD22, IGHD, TCF4, POU2F2, MARCHF1, HLA-DRB5, BCL11A, AFF3, CCDC50, PAX5, LINC01857, BLK, HLA-DMB, TNFRSF13B, COBLL1, P2RX5, HLA-DMA, FCRL2, ADAM28, JUND, MEF2C, IGKC, CXXC5, SPIB, SNX2, FCRLA, VPREB3, EZR, SP140, NIBAN3, IFT57, STX7",CELLxGENE Census 2025-11-08,ed5d841d-6346-47d4-ab2f-7119ad7e3a35,cite_seq_protein,orthogonal_molecular,CITE-seq WNN labels use RNA plus antibody-derived protein; protein contributes independent evidence for immune subsets.,Hao et al. 2021 Cell DOI:10.1016/j.cell.2021.04.048,2021-05-12,,False,2026-06-17,low,subtype,data/raw/pbmc_hao_citeseq.h5ad,scanpy.rank_genes_groups[wilcoxon]+autozyme,1500,canonical,immune,basic,False,correct,,
fallopian_tube_2025__ciliated_epithelial_cell,fallopian_tube_2025,fallopian tube,human,Ciliated epithelial cell,Fallopian epithelial,easy,canonical_lineage,ciliated;epithelial,2,"CAPS, CIMIP1, TPPP3, DYNLL1, HSP90AA1, CFAP276, RSPH1, TUBB4B, CFAP144, SPMIP6, TMEM190, ENSG00000258752, ATP5IF1, AGR2, SNTN, CIMAP3, TXN, AGR3, HOATZ, CAPSL, S100A11, PRDX5, CFAP90, HMGN3, CALM1, DYNLRB2, CETN2, LRRIQ1, MORN5, METRN, PIERCE1, MORN2, ZMYND10, CIMAP1B, CFAP126, TEKT1, CFAP53, UFC1, ERICH3, CCDC170, ENKUR, LDLRAD1, MNS1, RBP1, SPA17, DNAH12, DYNLT2B, STK33, CCDC146, LRRC23",CELLxGENE Census 2025-11-08,0436a180-cb44-47ba-8ffa-807b7a468469,rna_atac_histology,orthogonal_molecular,"scRNA-seq labels are supported by matched scATAC label transfer and H&E-defined epithelial, stromal, and smooth muscle compartments.",Weigert et al. 2025 Nat Commun DOI:10.1038/s41467-024-55440-2,2025-01-03,,True,2026-06-17,low,lineage_or_subtype,data/raw/fallopian_tube_2025.h5ad,scanpy.rank_genes_groups[wilcoxon]+autozyme,150,canonical,epithelial,basic,False,correct,missing,
pancreas_islet_multiome_2022__pancreatic_acinar_cell,pancreas_islet_multiome_2022,pancreas,human,Acinar cell,Pancreatic epithelial,easy,canonical_lineage,acinar/exocrine/zymogen/PRSS1/CPA1/digestive enzyme,1,"CPA2, PRSS1, PLA2G1B, CELA3A, PRSS2, CTRB2, CELA3B, REG1A, CTRB1, CTRC, SPINK1, CPB1, PNLIPRP1, CLPS, PRSS3, KLK1, CPA1, REG1B, SYCN, CEL, CUZD1, GP2, PNLIP, REG3G, PDIA2, RNASE1, CTRL, P4HB, ALB, CD24, CELA2A, SERPINI2, AMY2A, AZGP1, ANPEP, EEF1B2, CELA2B, IL32, GATM, MGST1, PABPC4, RARRES2, IMPA2, TACSTD2, FAM3B, DPEP1, SERPINB1, PAIP2B, YBX3, NOP53","CELLxGENE Census 2025-11-08 (Islet multiomics, Nat Metab 2022)",10.1038/s42255-022-00531-x,multiome_atac,orthogonal_molecular,same-cell RNA+ATAC multiome; ATAC backs islet endocrine calls; normal subset only,Nat Metab 2022 islet multiomics,2022,2022,False,2026-06-17,low,type,data/raw/pancreas_islet_multiome_2022.h5ad,scanpy.rank_genes_groups[wilcoxon]+autozyme,150,canonical,parenchymal,basic,False,correct,missing,
breast_multiome_2024__adipocyte,breast_multiome_2024,breast,human,Adipocyte,Stromal,easy,canonical_lineage,adipocyte/fat cell,1,"SOX5, EBF1, PDE3B, LAMA4, PLIN1, LINC02237, PPARG, ACSS3, TNS1, ASPH, GHR, ITIH5, FRMD4A, ACACB, PCDH9, MAPK10, COL4A1, ITGA7, GPAM, ITSN1, ADH1B, COBLL1, ZEB2, AQP7, CD36, PFKFB1, UBE2E2, ENSG00000287231, TENM3, DIRC3, SLC19A3, ENSG00000230333, COL4A2, LIMA1, DOCK11, ANGPT1, WDPCP, MGST1, PTGER3, ACSL1, PRKAR2B, LPL, GABRE, GYG2, TRHDE-AS1, MTARC1, FABP4, PLIN4, GBE1, DLC1",CELLxGENE Census 2025-11-08,61af564d-e5ea-4d34-a0f3-2668a00db376,multiome_atac_ihc_spatial,orthogonal_molecular,"Healthy breast snRNA plus snATAC; epithelial subtype markers overlap prior studies, selected protein IHC and spatial data support LHS/LASP/BM compartments.",Bhat-Nakshatri et al. 2024 Nat Med DOI:10.1038/s41591-024-03011-9,2024-08-09,,False,2026-06-17,low,subtype,data/raw/breast_multiome_2024.h5ad,scanpy.rank_genes_groups[wilcoxon]+autozyme,150,canonical,stromal,basic,False,correct,missing,
breast_multiome_2024__endothelial_cell,breast_multiome_2024,breast,human,Endothelial cell,Endothelial,easy,canonical_lineage,endothelial/endothelium,1,"ST6GALNAC3, LDB2, VWF, ELMO1, ABLIM3, PTPRM, TCF4, KALRN, ANO2, SHANK3, ARHGAP29, CD36, PECAM1, PTPRB, ADGRL4, ABLIM1, BTNL9, MECOM, RALGAPA2, MAGI1, EMCN, DOCK9, ADGRF5, LRMDA, MEF2C, UTRN, SYNE1, MCTP1, EPAS1, TACC1, FLI1, DOCK4, PLEKHG1, ERG, FBXL7, LNX1, SPTBN1, GALNT18, TMTC1, PPFIBP1, DIPK2B, PPARG, PREX2, CDH13, PDE4D, CNTNAP3B, CCDC85A, ZEB1, STOX2, PITPNC1",CELLxGENE Census 2025-11-08,61af564d-e5ea-4d34-a0f3-2668a00db376,multiome_atac_ihc_spatial,orthogonal_molecular,"Healthy breast snRNA plus snATAC; epithelial subtype markers overlap prior studies, selected protein IHC and spatial data support LHS/LASP/BM compartments.",Bhat-Nakshatri et al. 2024 Nat Med DOI:10.1038/s41591-024-03011-9,2024-08-09,,False,2026-06-17,low,subtype,data/raw/breast_multiome_2024.h5ad,scanpy.rank_genes_groups[wilcoxon]+autozyme,150,canonical,stromal,basic,False,correct,missing,
kidney_mouse_multiome__podocyte,kidney_mouse_multiome,kidney,mouse,Podocyte,Kidney epithelial,easy,canonical_lineage,podocyte/glomerular epithelial/visceral epithelial,1,"Srgap1, Robo2, Wt1, Pard3b, Ptpro, Dach1, Nebl, Zfp385b, Magi2, Wt1os, St6galnac3, Thsd7a, Dock4, Arhgap28, Unc5c, Podxl, Zbtb7c, Sncaip, Dpp4, Cdc14a, Plekhg1, Sgip1, Nphs1, Maml3, Plce1, Gab2, Enpep, Iqgap2, Auts2, Mgat5, Golim4, Cers6, Tmod3, Ptprd, Parva, Kcnq1ot1, Vegfa, Epb41l5, Tmem150c, Qki, Csnk1a1, Gm29266, Foxd2os, Pde3a, Nphs2, Igfbp7, Septin11, Rnf150, Mcc, Clic5",CELLxGENE Census 2025-11-08,25818bf7-e2a7-41ec-8ff2-bc369c0ff4f5,multiome_atac,orthogonal_molecular,10x multiome RNA plus ATAC from the same nuclei supports kidney segment identity; ATAC is independent molecular evidence but not a pure experimental gate.,Chen et al. 2025 Nat Genet DOI:10.1038/s41588-025-02161-x,2025-06-01,,True,2026-06-17,low,lineage_or_subtype,data/raw/kidney_mouse_multiome.h5ad,scanpy.rank_genes_groups[wilcoxon]+autozyme,1500,canonical,epithelial,basic,False,correct,missing,
cortex_mouse_yao_2021__oligodendrocyte,cortex_mouse_yao_2021,cortex,mouse,Oligodendrocyte,Glial,easy,canonical_lineage,oligodendrocyte,1,"St18, Plp1, Mbp, Pde4b, Edil3, Mobp, Nkain2, Dock10, Mag, Tmeff2, Mog, Ppp1r16b, Pex5l, Prr5l, Pcdh9, Bin1, Map7, Mal, Slc24a2, Enpp2, Qki, Arhgap23, Cldn11, Phlpp1, Magi2, Mapt, Frmd5, Ugt8a, Tubb4a, Vmp1, Tspan2, Cnp, St6galnac3, Fnbp1, Zfp536, Gjc3, Tmod2, Aspa, Mast3, Fa2h, Qdpr, Sec14l5, Zeb2, Rnf220, Cryab, Bcas1, Aplp1, Elmo1, Septin7, Car2",CELLxGENE Census 2025-11-08 (mouse motor cortex (mirrors human neocortex)),10.1038/s41586-021-03500-8,snmc_snatac_epigenomic,orthogonal_molecular,snmC-seq2 + snATAC-seq epigenomic cross-validation of MOp RNA taxonomy (BICCN),mouse motor cortex (mirrors human neocortex),2021,2021.0,False,2026-06-17,low,type,data/raw/cortex_mouse_yao_2021.h5ad,scanpy.rank_genes_groups[wilcoxon]+autozyme,120,canonical,neural,basic,False,correct,missing,
cortex_mouse_yao_2021__astrocyte,cortex_mouse_yao_2021,cortex,mouse,Astrocyte,Glial,easy,canonical_lineage,astrocyte/astroglia,1,"Slc1a2, Gabrb1, Acsl3, Mertk, Htra1, Wdr17, Dtna, Cpe, Slc4a4, Slc1a3, Gpc5, Frmd4a, Ntm, Sfxn5, Rgs20, Rorb, Cadm1, Aldoc, Rmst, Prdx6, Paqr8, Nrxn1, Ntsr2, Lsamp, Slc39a12, Ttyh1, Tspan7, Msi2, F3, Dgkb, Gja1, Nwd1, Phkg1, Kcnn2, Acsbg1, Npas3, Ctnnd2, Prex2, Spire1, Tnik, Pla2g7, Abr, Bcan, Hivep3, Cst3, Farp1, Gli3, Fgfr3, Mapk4, Glis3",CELLxGENE Census 2025-11-08 (mouse motor cortex (mirrors human neocortex)),10.1038/s41586-021-03500-8,snmc_snatac_epigenomic,orthogonal_molecular,snmC-seq2 + snATAC-seq epigenomic cross-validation of MOp RNA taxonomy (BICCN),mouse motor cortex (mirrors human neocortex),2021,2021.0,False,2026-06-17,low,type,data/raw/cortex_mouse_yao_2021.h5ad,scanpy.rank_genes_groups[wilcoxon]+autozyme,120,canonical,neural,basic,False,correct,missing,
wells_lung__CD16_positive_CD56_dim_natural_killer_cell_human,wells_lung,lung,human,CD56-dim NK cell,NK cell,hard,subtype_resolution,CD56-dim/CD56dim/CD16-positive/cytotoxic NK;NK/natural killer,2,"GNLY, NKG7, PRF1, GZMB, CST7, FCGR3A, FGFBP2, CD247, SPON2, KLRD1, CTSW, CD7, EFHD2, KLRF1, TYROBP, GZMA, ARL4C, B2M, ITGB2, ABHD17A, CCL4, HLA-E, HOPX, METRNL, CYBA, HLA-C, CLIC3, LITAF, S1PR5, GZMM, HLA-B, HLA-A, FCER1G, ZEB2, SH2D2A, CCL3, APMAP, SYTL3, ADGRG1, PLAC8, HCST, IGFBP7, IFITM2, KLRK1, GNG2, SYNE1, GZMH, HSH2D, CCL5, SH2D1B",CELLxGENE Census 2025-11-08,1b350d0a-4535-4879-beb6-1142f3f94947,cite_seq_protein,orthogonal_molecular,CITE-seq multimodal classifier used RNA plus ADT protein labels across tissues; strong but not pure protein gating.,Wells et al. 2025 Nat Immunol DOI:10.1038/s41590-025-02241-4,2025-06-18,,True,2026-06-17,low,subtype,data/raw/wells_lung.h5ad,scanpy.rank_genes_groups[wilcoxon]+autozyme,1500,subtype_resolution,immune,basic,False,correct,,
wells_lung__CD16_negative_CD56_bright_natural_killer_cell_human,wells_lung,lung,human,CD56-bright NK cell,NK cell,hard,subtype_resolution,CD56-bright/CD56bright/immature NK/regulatory NK;NK/natural killer,2,"CD7, CMC1, KLRD1, KLRB1, CCL3, TYROBP, IL2RB, CD247, PIK3R1, KLRF1, GZMK, XCL2, CEBPD, CCL4, SRGN, NKG7, ARHGAP9, TXK, H3-3B, CST7, XCL1, FCER1G, FYN, METRNL, SYTL3, DUSP2, AREG, GZMA, CLIC3, CEMIP2, KLRK1, IER2, SPRY2, PRF1, KLRC1, AOAH, IRF1, MATK, CTSW, APMAP, BTG1, MCTP2, FOS, UBB, IFRD1, IFITM2, CCL5, STK17A, EIF3G, ZBTB16",CELLxGENE Census 2025-11-08,1b350d0a-4535-4879-beb6-1142f3f94947,cite_seq_protein,orthogonal_molecular,CITE-seq multimodal classifier used RNA plus ADT protein labels across tissues; strong but not pure protein gating.,Wells et al. 2025 Nat Immunol DOI:10.1038/s41590-025-02241-4,2025-06-18,,True,2026-06-17,low,subtype,data/raw/wells_lung.h5ad,scanpy.rank_genes_groups[wilcoxon]+autozyme,1500,subtype_resolution,immune,basic,False,correct,,
wells_bone_marrow__CD16_positive_CD56_dim_natural_killer_cell_human,wells_bone_marrow,bone_marrow,human,CD56-dim NK cell,NK cell,hard,subtype_resolution,CD56-dim/CD56dim/CD16-positive/cytotoxic NK;NK/natural killer,2,"NKG7, GZMB, PRF1, GNLY, FCGR3A, CD247, CST7, FGFBP2, KLRD1, SPON2, CD7, CTSW, TYROBP, EFHD2, CLIC3, KLRF1, GZMA, FCER1G, HOPX, ITGB2, CCL4, IFITM2, CYBA, B2M, IFITM1, ARL4C, HLA-C, ABHD17A, PFN1, HLA-A, KLRB1, HLA-B, LITAF, ADGRG1, HLA-E, GZMM, IGFBP7, CD99, HCST, KLRK1, S1PR5, CCL3, BIN2, SH2D1B, METRNL, SYTL3, APMAP, GNG2, SH2D2A, TTC38",CELLxGENE Census 2025-11-08,1b350d0a-4535-4879-beb6-1142f3f94947,cite_seq_protein,orthogonal_molecular,CITE-seq multimodal classifier used RNA plus ADT protein labels across tissues; strong but not pure protein gating.,Wells et al. 2025 Nat Immunol DOI:10.1038/s41590-025-02241-4,2025-06-18,,True,2026-06-17,low,subtype,data/raw/wells_bone_marrow.h5ad,scanpy.rank_genes_groups[wilcoxon]+autozyme,1500,subtype_resolution,immune,basic,False,correct,,
wells_bone_marrow__CD16_negative_CD56_bright_natural_killer_cell_human,wells_bone_marrow,bone_marrow,human,CD56-bright NK cell,NK cell,hard,subtype_resolution,CD56-bright/CD56bright/immature NK/regulatory NK;NK/natural killer,2,"CD7, TYROBP, CMC1, KLRD1, KLRB1, FCER1G, CD247, CEBPD, KLRF1, AREG, H3-3B, IFITM2, IL2RB, NKG7, SRGN, ARHGAP9, CCL3, TXK, IFITM1, ZFP36, CTSW, XCL2, CST7, CLIC3, GZMA, XCL1, KLRK1, FYN, IER2, MATK, PIK3R1, DUSP2, CCL4, BTG1, GSTP1, DUSP1, AOAH, JAK1, FOS, MCTP2, GZMK, EIF3G, ALOX5AP, CD160, APMAP, MAPK1, SH2D1B, SYTL3, PRF1, HCST",CELLxGENE Census 2025-11-08,1b350d0a-4535-4879-beb6-1142f3f94947,cite_seq_protein,orthogonal_molecular,CITE-seq multimodal classifier used RNA plus ADT protein labels across tissues; strong but not pure protein gating.,Wells et al. 2025 Nat Immunol DOI:10.1038/s41590-025-02241-4,2025-06-18,,True,2026-06-17,low,subtype,data/raw/wells_bone_marrow.h5ad,scanpy.rank_genes_groups[wilcoxon]+autozyme,1500,subtype_resolution,immune,basic,False,correct,,
pancreas_islet_multiome_2022__pancreatic_D_cell,pancreas_islet_multiome_2022,pancreas,human,Delta cell,Pancreatic endocrine,hard,subtype_resolution,delta cell/D cell/somatostatin/SST;islet,1,"SST, RBP4, SEC11C, LY6H, GAD2, HHEX, CADM1, PTPRN, PCP4, PKIB, UCHL1, SCGN, NLRP1, ISL1, LEPR, PCSK1, GABRB3, PLD3, HADH, TPD52, SORL1, PRSS23, DUSP26, FKBP2, CEP15, BEX1, SVIP, SSR4, GPX4, MDK, PPP1R1A, MIR7-3HG, SCG3, CHGB, ERO1B, PCSK1N, SCG5, P4HTM, CADPS, NSG1, TUSC3, PRXL2A, TCEAL2, PCSK2, HOOK2, BEX2, SHISAL2B, ARFGEF3, GPX3, KIF1A","CELLxGENE Census 2025-11-08 (Islet multiomics, Nat Metab 2022)",10.1038/s42255-022-00531-x,multiome_atac,orthogonal_molecular,same-cell RNA+ATAC multiome; ATAC backs islet endocrine calls; normal subset only,Nat Metab 2022 islet multiomics,2022,2022,False,2026-06-17,low,type,data/raw/pancreas_islet_multiome_2022.h5ad,scanpy.rank_genes_groups[wilcoxon]+autozyme,150,subtype_resolution,parenchymal,basic,False,correct,missing,
pancreas_islet_multiome_2022__pancreatic_A_cell,pancreas_islet_multiome_2022,pancreas,human,Alpha cell,Pancreatic endocrine,hard,subtype_resolution,alpha cell/A cell/glucagon/GCG;islet,1,"TTR, GCG, CHGA, GC, VGF, CD99, PCSK2, F10, CLU, TMEM176B, CRYBA2, SCG5, IRX2-DT, TMEM176A, HLA-A, GPX3, ATP5F1E, COX8A, CHGB, EMC10, IRX2, FKBP2, SMIM24, FABP5, SCG2, ELAPOR1, SPINT2, PCDH17, B2M, SCGB2A1, ERP29, PLIN3, SCG3, TM4SF4, CYSTM1, BSG, ALDH1A1, GAPDH, GRN, FXYD3, SLC22A17, FXYD5, SLC7A2, GNAS, SSR4, QPCT, PCSK1N, PAM, CPE, OAZ1","CELLxGENE Census 2025-11-08 (Islet multiomics, Nat Metab 2022)",10.1038/s42255-022-00531-x,multiome_atac,orthogonal_molecular,same-cell RNA+ATAC multiome; ATAC backs islet endocrine calls; normal subset only,Nat Metab 2022 islet multiomics,2022,2022,False,2026-06-17,low,type,data/raw/pancreas_islet_multiome_2022.h5ad,scanpy.rank_genes_groups[wilcoxon]+autozyme,150,subtype_resolution,parenchymal,basic,False,correct,missing,
wells_bone_marrow__memory_B_cell,wells_bone_marrow,bone_marrow,human,Memory B cell,B cell,medium,subtype_resolution,memory;B cell/B-cell,2,"CD79A, MS4A1, CD74, HLA-DRA, BANK1, CD37, HLA-DPA1, HLA-DRB1, HLA-DPB1, HLA-DQA1, HLA-DQB1, RALGPS2, CD79B, BLK, P2RX5, IRF8, LAPTM5, TNFRSF13C, CD52, ARHGAP24, LINC00926, LTB, CD83, SWAP70, AFF3, EEF2, HLA-DRB5, MARCHF1, MEF2C, SPIB, HLA-DMA, CD24, IGHM, SYNGR2, MARCKS, EEF1G, NCF1, LYN, NIBAN3, POU2F2, GPR183, FCMR, CXXC5, EZR, EEF1B2, CD19, CD82, CD22, HLA-DMB, ZFP36L1",CELLxGENE Census 2025-11-08,1b350d0a-4535-4879-beb6-1142f3f94947,cite_seq_protein,orthogonal_molecular,CITE-seq multimodal classifier used RNA plus ADT protein labels across tissues; strong but not pure protein gating.,Wells et al. 2025 Nat Immunol DOI:10.1038/s41590-025-02241-4,2025-06-18,,True,2026-06-17,low,subtype,data/raw/wells_bone_marrow.h5ad,scanpy.rank_genes_groups[wilcoxon]+autozyme,1500,buried_marker,immune,boost,True,partial,correct,
heart_multiome_2023__mesothelial_cell,heart_multiome_2023,heart,human,Mesothelial cell,Mesothelial,medium,canonical_lineage,mesothelial/mesothelium/epicardial,1,"PVT1, NFKBIZ, KCNT2, BNC2, MTHFD1L, CFH, NAMPT, SAT1, CLIC4, GFPT2, IL1R1, TIAM1, RASSF8, SOD2, C3, CHD2, PAWR, FAM107B, CD44, PLA2G2A, BICC1, WWC1, ZBTB7C, ROR2, SULF1, PRG4, DAPK1, LSAMP, GLS, MARCHF1, KLF6, PTGIS, ANXA1, GPRC5A, RNF24, TIPARP, BMPR1B, GMDS, EZR, ABI3BP, IER3, SLIT3, SQSTM1, ABCC4, CARMIL1, MCTP2, SLC39A8, FBXL13, CD55, CCNL1","CELLxGENE Census 2025-11-08 (Cardiac niches, Nature 2023)",10.1038/s41586-023-06311-1,multiome_atac_spatial,orthogonal_molecular,same-nucleus 10x multiome (RNA+ATAC) + Visium spatial; atrial/ventricular CM split,Nature 2023 cardiac niches,2023-07,2023,False,2026-06-17,low,type (chamber bonus),data/raw/heart_multiome_2023.h5ad,scanpy.rank_genes_groups[wilcoxon]+autozyme,120,buried_marker,stromal,boost,True,wrong,correct,
breast_multiome_2024__luminal_adaptive_secretory_precursor_cell_of_mammary_gland,breast_multiome_2024,breast,human,Luminal adaptive secretory precursor mammary cell,Breast epithelial,hard,rare_or_state,luminal adaptive secretory/LASP/secretory precursor;breast/mammary,2,"DTNB, ELF5, KIT, CCL28, NEBL, EHF, TRPS1, SHANK2, SORBS2, ETV6, PDE4B, EGF, ENSG00000226197, LDLRAD4, PDCD4, LINC02613, FHIT, MFGE8, RBM47, TC2N, COBL, AGAP1, NFIB, TANK, GABRP, PIK3C2G, KRT15, PROM1, ITPR2, ARHGAP26, APP, CATSPERB, NAALADL2, ATL2, CHKA, PTPRK, CTBP2, PATJ, NCALD, SHROOM3, ELAPOR1, SFRP1, TRIM2, SLC25A37, CGNL1, GUCY1A1, GOLGA8A, FHIP1A, GCNT2, SOX9-AS1",CELLxGENE Census 2025-11-08,61af564d-e5ea-4d34-a0f3-2668a00db376,multiome_atac_ihc_spatial,orthogonal_molecular,"Healthy breast snRNA plus snATAC; epithelial subtype markers overlap prior studies, selected protein IHC and spatial data support LHS/LASP/BM compartments.",Bhat-Nakshatri et al. 2024 Nat Med DOI:10.1038/s41591-024-03011-9,2024-08-09,,False,2026-06-17,low,subtype,data/raw/breast_multiome_2024.h5ad,scanpy.rank_genes_groups[wilcoxon]+autozyme,150,buried_marker,epithelial,boost,True,partial,correct,
placenta_trophoblast_2023__placental_villous_trophoblast,placenta_trophoblast_2023,placenta,human,Villous cytotrophoblast,Trophoblast,medium,subtype_resolution,cytotrophoblast/villous trophoblast/CTB/villous cytotrophoblast;trophoblast,1,"PEG10, DNMT1, DUSP9, SLC22A11, VGLL1, SMAGP, ALDH7A1, EFEMP1, PAGE4, ISYNA1, MBNL3, SPINT1, TINAGL1, BTG3, DSP, XAGE3, IFI6, OLR1, NFE2L3, PHLDA2, EXTL2, MORC4, FAM3B, FBN2, SLC27A2, ATP6V1C2, CSF3R, ADGRG1, ECHDC2, GRAMD2A, MLLT1, LRP2, SMYD2, BMP7, GNAS, HSPD1, KRT7, LDHB, FOXO4, SLC52A1, FXYD3, MPP7, PKIB, CDO1, SLC26A2, TCAF1, KRT23, NCBP3, BCAM, SLC38A9","CELLxGENE Census 2025-11-08 (Spatial multiomics trophoblast, Nature 2023)",10.1038/s41586-023-05869-0,multiome_atac_spatial,orthogonal_molecular,same-nucleus 10x multiome (RNA+ATAC) + Visium spatial back trophoblast calls,Arutyunyan Nature 2023,2023,2023,True,2026-06-17,low,type,data/raw/placenta_trophoblast_2023.h5ad,scanpy.rank_genes_groups[wilcoxon]+autozyme,120,buried_marker,epithelial,boost,True,partial,correct,
kidney_mouse_multiome__urothelial_cell,kidney_mouse_multiome,kidney,mouse,Urothelial cell,Kidney epithelial,medium,subtype_resolution,urothelial/urothelium/uroepithelial,1,"Myof, Crybg1, Rab27b, Ikzf2, Naaladl2, Nckap5, Tmprss2, Atp8b1, Alcam, Rbms3, Grip1, Slc12a2, Ttc6, Cd2ap, Celf2, Junos, Col4a5, Col4a6, Nfat5, Upk1b, Airn, Gata3, Mcu, Etl4, Mecom, 2610307P16Rik, Phactr2, Fry, Ptpn14, Tmem45b, Gpr39, Fras1, Mpp7, Mllt3, Adgrg6, Psd3, Ahr, Pard3, Maml2, Pparg, Rbpms, Pof1b, Sorbs2, Gsdmc2, Dusp16, Lurap1l, Limk2, Gpc5, Sytl5, Capn13",CELLxGENE Census 2025-11-08,25818bf7-e2a7-41ec-8ff2-bc369c0ff4f5,multiome_atac,orthogonal_molecular,10x multiome RNA plus ATAC from the same nuclei supports kidney segment identity; ATAC is independent molecular evidence but not a pure experimental gate.,Chen et al. 2025 Nat Genet DOI:10.1038/s41588-025-02161-x,2025-06-01,,True,2026-06-17,low,lineage_or_subtype,data/raw/kidney_mouse_multiome.h5ad,scanpy.rank_genes_groups[wilcoxon]+autozyme,715,buried_marker,epithelial,boost,True,wrong,correct,
lung_mouse_zepp_2021__club_cell,lung_mouse_zepp_2021,lung,mouse,Club cell,Lung epithelial,medium,subtype_resolution,club cell/Clara cell/club,1,"Cdkn1c, Cd24a, Gsta4, Krt8, Cldn10, Aldh1a7, Epcam, Krt18, Cldn7, Wfdc2, Igfbp5, Ccnd2, Aldh1a1, Hmgn3, Pebp1, Sox2, Gapdh, Anxa1, H19, Tpi1, Krt19, Enah, Ldhb, Homer2, Hsp90aa1, H2az1, Klf5, Fam13a, Dpy30, Tpd52, Cldn3, Foxa1, Hbb-bt, Srsf10, Tspan1, Hbb-bs, B9d1, Mt2, Erh, Ppia, Cldn6, Ran, Ces1d, Mdh1, Kcnq1ot1, Igf2, Lypd2, Selenoh, Slc38a1, Tspan3",CELLxGENE Census 2025-11-08 (mouse lung (mirrors human lung; marginal backing)),10.1126/science.abc3172,scatac_labeltransfer,orthogonal_molecular,scATAC-seq (P3) label-transfer backing; developmental lung (marginal orthogonality),mouse lung (mirrors human lung; marginal backing),2021,2021.0,False,2026-06-17,low,type,data/raw/lung_mouse_zepp_2021.h5ad,scanpy.rank_genes_groups[wilcoxon]+autozyme,120,buried_marker,epithelial,boost,True,wrong,correct,
lung_madissoon_spatial__respiratory_tract_suprabasal_cell,lung_madissoon_spatial,lung,human,Suprabasal cell,Lung epithelial,hard,rare_or_state,suprabasal/airway suprabasal/parabasal;basal,1,"ABCA13, LINC00511, EYA2, SDK1, KRT19, PTPRZ1, MTSS1, ADAM28, TMPRSS4, TSHZ2, NFE2L2, SRGAP3, PLEKHA5, MRTFB, MUC4, NTN1, CHST9, AQP3, BHLHE40, AQP4-AS1, PRSS23, SEMA4B, LINC02955, PVT1, ELF3, THOC3, SERPINB3, KLF5, DGKH, EYA4, CAMK1D, PCDH7, PTPRT, ITGA2, LYN, SUSD4, EGFR, EPAS1, RUNX1, FOXN3, ECE1, ARHGEF3, NHS, ETS2, ABCC1, SERPINB13, TCF4, STIM2, CCDC144NL-AS1, FOXP2","CELLxGENE Census 2025-11-08 (Madissoon lung spatial atlas, Nat Genet 2022)",10.1038/s41588-022-01243-4,spatial_visium,spatial_anatomical,Visium spatial atlas (5 proximal-distal locations) backs airway/alveolar epithelial identity,Nat Genet 2022 Madissoon lung spatial,2022,2022,False,2026-06-17,low,type,data/raw/lung_madissoon_spatial.h5ad,scanpy.rank_genes_groups[wilcoxon]+autozyme,120,near_neighbor_state,epithelial,boost,True,partial,correct,
spleen_mouse_spatial__memory_T_cell,spleen_mouse_spatial,spleen,mouse,Memory T cell,T cell,hard,rare_or_state,memory T/Tmem/memory,1,"Trbc2, Thy1, Cd3d, Gimap4, Tmsb4x, Ms4a4b, Rack1, Eef1b2, Ccnd2, Nkg7, Trbc1, Lat, Ablim1, Shisa5, Ckb, Ctsw, Septin1, Lmo4, Skap1, Gramd2b, Bcl11b, Npm1, Top2b, Satb1, Ppp1r12a, Cd3g, Ltb, Tuba1a, Ptpn18, Eif3h, Isg15, Stk10, Rcbtb2, Cnn2, Id2, Ssu72, Sp100, AW112010, Sec11c, Gimap1, Ppp2r5c, Gas5, Ptprcap, Arglu1, Il7r, Itk, Tle5, Mta3, Klk8, Fyn",CELLxGENE Discover (spatial; excluded from Census API),c62ac8e5-72d1-48d1-8bb5-9e66fd2b1e19,slideseqv2_spatial_bead,spatial_anatomical,"Mouse spleen Slide-seqV2 beads (near-single-cell); immune lineage labels from Slide-TCR-seq integrated transcriptome+TCR, anchored by white-pulp/red-pulp anatomy.",Liu et al. 2022 Immunity DOI:10.1016/j.immuni.2022.09.002 (Broad SCP1348),2022-10-11,,False,2026-06-17,medium,lineage,data/raw/spleen_mouse_spatial.h5ad,scanpy.rank_genes_groups[wilcoxon]+autozyme,228,near_neighbor_state,immune,boost,True,partial,correct,
wells_spleen__immature_innate_lymphoid_cell,wells_spleen,spleen,human,Immature ILC,Innate lymphoid cell,hard,rare_or_state,innate lymphoid/ILC;immature/precursor,2,"GNLY, CTSW, NKG7, KLRD1, TYROBP, CD7, IFITM2, FCER1G, GZMB, HOPX, XCL2, KLRF1, PRF1, AREG, MATK, CMC1, IL2RB, BHLHE40, EFHD2, KLRC1, XCL1, NFKBIA, SELL, CLIC3, JAK1, SAMD3, KLRK1, CD300A, IFITM3, IRF1, HCST, TXK, RUNX3, TNFRSF18, TRDC, CST7, ITGAX, IGFBP7, BIN2, HSH2D, CD247, MCTP2, ARL4C, TPST2, PTPN12, MIR23AHG, PLAC8, NCAM1, METRNL, ARHGAP9",CELLxGENE Census 2025-11-08,1b350d0a-4535-4879-beb6-1142f3f94947,cite_seq_protein,orthogonal_molecular,CITE-seq multimodal classifier used RNA plus ADT protein labels across tissues; strong but not pure protein gating.,Wells et al. 2025 Nat Immunol DOI:10.1038/s41590-025-02241-4,2025-06-18,,True,2026-06-17,low,subtype,data/raw/wells_spleen.h5ad,scanpy.rank_genes_groups[wilcoxon]+autozyme,1500,rna_protein_discordant,other,boost,True,wrong,correct,
lung_madissoon_spatial__club_cell,lung_madissoon_spatial,lung,human,Club cell,Lung epithelial,medium,subtype_resolution,club cell/Clara cell/club,1,"SFTPB, NEDD4L, SFTA3, DAPK1, CYB5A, SCGB3A2, MAGI3, MET, ACOXL, PLCL1, MBNL1, MGST1, MECOM, RNF145, ADK, GPRC5A, CDK14, ATP13A4, ITGA9, PTPN13, NCKAP5, LINC02889, HOPX, CD55, MAST4, SHROOM3, NPNT, ARHGAP42, ERBB4, SCNN1B, OCLN, MBIP, MACROD2, ZNF608, SLC22A3, DAPK2, ZFP36L1, SMYD3, ALCAM, PTPRD, NKX2-1, LMO3, GLCCI1, RBPMS, ABCC5, KIAA1328, BTBD9, ADGRF5, PRKCZ, LIMCH1","CELLxGENE Census 2025-11-08 (Madissoon lung spatial atlas, Nat Genet 2022)",10.1038/s41588-022-01243-4,spatial_visium,spatial_anatomical,Visium spatial atlas (5 proximal-distal locations) backs airway/alveolar epithelial identity,Nat Genet 2022 Madissoon lung spatial,2022,2022,False,2026-06-17,low,type,data/raw/lung_madissoon_spatial.h5ad,scanpy.rank_genes_groups[wilcoxon]+autozyme,120,spatial_hard,epithelial,boost,True,wrong,correct,
limb_bone_cartilage_2023__articular_chondrocyte,limb_bone_cartilage_2023,limb,human,Articular chondrocyte,Cartilage,hard,rare_or_state,articular chondrocyte/articular cartilage/superficial zone/PRG4;chondrocyte,1,"S100A6, PLAC9, SH3BGRL3, CREB5, TPPP3, COL6A1, S100A10, NDUFA4L2, COL3A1, COL6A2, ANXA1, S100A4, CAV1, TMSB4X, DSTN, IGFBP5, TIMP3, LMNA, CCN3, CD9, ANXA2, TAGLN2, OGN, OSR2, S100A11, HSPB1, PLP2, ITM2B, EMP3, FSTL1, BTC, FXYD5, COL6A3, AXL, B2M, ARL6IP5, CAPS, CRIP2, LDHA, CAVIN3, RGCC, ADIRF, GAS1, CLIC1, IGFBP6, IGFBP2, LINC02802, IFI27L2, FHL1, CD63",CELLxGENE Census 2025-11-08 (chondrocyte/osteoblast/chondroblast (FETAL embryonic limb)),10.1038/s41586-023-06806-x,spatial_visium,spatial_anatomical,scRNA+Visium embryonic limb; chondrocyte/osteoblast lineages spatially resolved (fetal),chondrocyte/osteoblast/chondroblast (FETAL embryonic limb),2023,2023,True,2026-06-17,low,type,data/raw/limb_bone_cartilage_2023.h5ad,scanpy.rank_genes_groups[wilcoxon]+autozyme,120,spatial_hard,stromal,boost,True,wrong,correct,
cerebellum_mouse_2021__cerebellar_Golgi_cell,cerebellum_mouse_2021,cerebellum,mouse,Cerebellar Golgi cell,Neural,hard,rare_or_state,Golgi cell/cerebellar Golgi/inhibitory interneuron;neuron,1,"Lingo2, Elavl2, Nrg1, Rgs6, Cacng3, Lgi2, Kcnn3, Sgcd, Pax2, Dlgap2, Lrp1b, Rbms3, Hs6st3, Zmat4, Ube3a, Hs3st5, Gabrg3, Tenm4, Grm8, Fgf13, Epha10, Etl4, Meg3, Apba1, Mgat4c, Rap1gap2, Gm45837, Efna5, Cacna2d3, Rgs7, Syt1, Gpr158, Spock1, Chrm2, Nkain3, Tfap2b, Kctd16, Egfem1, Frmd4a, Lama1, Grik3, Plcl2, Grip1, Cadps, Wwc1, Bmper, Nhs, Kcnj6, Nrxn3, Oxr1",CELLxGENE Census 2025-11-08 (mouse cerebellum (mirrors human cerebellum)),10.1038/s41586-021-03220-z,spatial_slideseq,spatial_anatomical,Slide-seqV2 spatial mapping of cerebellar cell types (companion RCTD paper),mouse cerebellum (mirrors human cerebellum),2021,2021.0,False,2026-06-17,low,type,data/raw/cerebellum_mouse_2021.h5ad,scanpy.rank_genes_groups[wilcoxon]+autozyme,120,spatial_hard,neural,boost,True,wrong,correct,
liver_mouse_spatial__endothelial_cell_of_hepatic_sinusoid,liver_mouse_spatial,liver,mouse,Liver sinusoidal endothelial cell,Endothelial,medium,subtype_resolution,endothelial/endothelium/LSEC/sinusoidal endothelial/vascular,1,"Serpina1b, Serpina1c, Serpina1a, Rida, Fabp1, Gpx1, Pck1, Saa1, Mup3, Thrsp, Selenop, Cyp2f2, Saa2, Serpina1d, Cox20, Sds, Clec4g, Trf, Wfdc21, Hsd17b13, Gls2, Mup20, Serpina12, Aldh1b1, Uox, Aldob, Ass1, Orm1, H2-Q10, Pigr, Hal, Fau, Errfi1, Nat8f1, Hsd17b6, Mt1, Ero1b, Leap2, Ccl9, Slc22a7, Slc25a47, Apoc3, Uqcrh, Ctsl, Fkbp11, Fbp1, Gpihbp1, Cyth1, Serpina1e, Tmem86b",CELLxGENE Discover (spatial; excluded from Census API),45a4966b-3b49-45d3-9299-c7c3df76737e,visium_spatial_spot,spatial_anatomical,"Mouse liver Visium spots; cell-type labels from the Liver Cell Atlas paired snRNA reference mapped onto spatial spots, anchored by hepatic zonation (periportal/pericentral) anatomy.",Guilliams et al. 2022 Cell DOI:10.1016/j.cell.2021.12.018 (GSE192742; livercellatlas.org),2022-01-13,,False,2026-06-17,low,lineage_or_subtype,data/raw/liver_mouse_spatial.h5ad,scanpy.rank_genes_groups[wilcoxon]+autozyme,66,spatial_hard,stromal,boost,True,wrong,correct,
colon_mouse_spatial__myofibroblast_cell,colon_mouse_spatial,colon,mouse,Myofibroblast,Stromal,medium,subtype_resolution,myofibroblast/fibroblast/stromal/smooth muscle/contractile fibroblast,1,"Myl9, Acta2, Tagln, Cnn1, Tpm2, Des, Flna, Myl6, Csrp1, Myh11, Actg2, Tpm1, Ckb, Smtn, Mylk, Hspb1, Lgals1, Sparcl1, Pdlim3, Dmpk, Fbxl22, Rgs5, Rras, Psd, Slc25a4, Mgp, Gsn, Pdlim7, Ppp1r14a, Fxyd1, Pcp4, Ifitm2, Tnxb, Tgfb1i1, Ckm, Cpe, Lims2, Cavin3, Dpt, Mustn1, Cald1, Igfbp7, Ppp1r12c, Cryab, Cd81, Hmcn2, Rbpms, Serping1, Ifitm3, Tubb6",CELLxGENE Discover (spatial; excluded from Census API),e2811f45-81cc-4819-aee0-dbaa6b3bb52c,visium_spatial_spot,spatial_anatomical,Mouse colon Visium spots; epithelial/stromal/immune labels from paired scRNA reference mapped onto crypt-villus spatial architecture.,Gu et al. 2024 Nature DOI:10.1038/s41586-024-07251-0 (PRJEB57700; treg-gut-niches.cellgeni.sanger.ac.uk),2024-04-10,,False,2026-06-17,low,lineage_or_subtype,data/raw/colon_mouse_spatial.h5ad,scanpy.rank_genes_groups[wilcoxon]+autozyme,377,spatial_hard,stromal,boost,True,wrong,correct,
spleen_mouse_spatial__myeloid_cell,spleen_mouse_spatial,spleen,mouse,Myeloid cell,Myeloid,medium,canonical_lineage,myeloid/macrophage/monocyte/dendritic/granulocyte/neutrophil,1,"Cst3, Hbb-bt, Hbb-bs, Tuba1b, Aif1, Gpx1, Hba-a1, Psap, Hba-a2, Car2, Atp5if1, Alas2, Creg1, Marcks, S100a4, Slc25a37, Taldo1, Prdx2, Ccnd1, Vcam1, Rsad2, Birc5, Slc4a1, Ctsb, Glrx5, Gypa, Hmox1, Txn1, Mkrn1, Bpgm, Top2a, Marco, Plbd1, Rgs2, Snca, Sirpa, Ppt1, Selenop, Epb41, Bst2, Ffar2, Gm2a, Cfp, Tgfbi, Coch, Marchf2, Spta1, Tbc1d4, Tmem176b, Mki67",CELLxGENE Discover (spatial; excluded from Census API),c62ac8e5-72d1-48d1-8bb5-9e66fd2b1e19,slideseqv2_spatial_bead,spatial_anatomical,"Mouse spleen Slide-seqV2 beads (near-single-cell); immune lineage labels from Slide-TCR-seq integrated transcriptome+TCR, anchored by white-pulp/red-pulp anatomy.",Liu et al. 2022 Immunity DOI:10.1016/j.immuni.2022.09.002 (Broad SCP1348),2022-10-11,,False,2026-06-17,medium,lineage,data/raw/spleen_mouse_spatial.h5ad,scanpy.rank_genes_groups[wilcoxon]+autozyme,4345,spatial_hard,immune,boost,True,wrong,correct,
lung_madissoon_spatial__goblet_cell,lung_madissoon_spatial,lung,human,Goblet cell,Lung epithelial,medium,canonical_lineage,goblet/mucus-secreting/MUC5AC/MUC5B,1,"MUC16, PRSS23, BPIFB1, SERPINB11, ELF3, KRT19, TMPRSS4, CHST9, MSMB, RIMS1, MUC5AC, F3, CXCL1, RDH10, DHRS9, WFDC2, ADAM28, LCN2, HS3ST1, CYP2F1, ERN2, MUC4, PLEKHS1, TSPAN1, SYTL2, SLC4A4, AGR2, ABCA13, CTSC, SERPINB3, SDK1, LYPD6B, BMPR1B, KLF5, CHL1, CAMK1D, XBP1, EPAS1, DDIT4, FER1L6, ALCAM, FAM3D, CXCL17, TGM2, TNFSF10, SAT1, BHLHE40, STIM2, ST6GAL1, ST6GALNAC1","CELLxGENE Census 2025-11-08 (Madissoon lung spatial atlas, Nat Genet 2022)",10.1038/s41588-022-01243-4,spatial_visium,spatial_anatomical,Visium spatial atlas (5 proximal-distal locations) backs airway/alveolar epithelial identity,Nat Genet 2022 Madissoon lung spatial,2022,2022,False,2026-06-17,low,type,data/raw/lung_madissoon_spatial.h5ad,scanpy.rank_genes_groups[wilcoxon]+autozyme,120,subtype_resolution,epithelial,boost,False,partial,correct,
lung_madissoon_spatial__lung_secretory_cell,lung_madissoon_spatial,lung,human,Airway secretory cell,Lung epithelial,medium,subtype_resolution,secretory/club/Clara/secretory airway;SCGB1A1,1,"BPIFB2, PDE4D, PTPRN2, MUC5B, MUC5B-AS1, AFF3, ADARB2, ACSL3, GMDS, GOLM1, GALNT7, PLCB4, FOXP1, GFPT1, TM9SF3, PCCA, KCNMA1, PPM1H, CCSER1, TOX3, TTC3, PACS1, SLC39A11, SLC12A2, BCAS1, ARHGAP26, THSD4, CDH12, AQP4-AS1, PHACTR2, ERN2, ARL15, CHST9, FGF13, STK39, EHF, ARHGEF28, CRACR2A, GALNT12, MIA3, ARFGEF3, CHRM3, ATP2C2, MLPH, NIBAN1, PPP1R9A, MCTP2, COBL, ELAPOR1, OSBPL10","CELLxGENE Census 2025-11-08 (Madissoon lung spatial atlas, Nat Genet 2022)",10.1038/s41588-022-01243-4,spatial_visium,spatial_anatomical,Visium spatial atlas (5 proximal-distal locations) backs airway/alveolar epithelial identity,Nat Genet 2022 Madissoon lung spatial,2022,2022,False,2026-06-17,low,type,data/raw/lung_madissoon_spatial.h5ad,scanpy.rank_genes_groups[wilcoxon]+autozyme,120,subtype_resolution,epithelial,boost,False,partial,correct,
liver_spatial_2021__centrilobular_region_hepatocyte,liver_spatial_2021,liver,human,Centrilobular hepatocyte,Hepatocyte,medium,subtype_resolution,hepatocyte/hepatic/parenchymal;centrilobular/pericentral/central,1,"ADH1B, AOX1, ACSM2A, ACSM2B, SULT2A1, TDO2, ABCB4, CYP2C9, ARG1, DMGDH, EHHADH, SLCO1B3-SLCO1B7, FMO3, CPS1, CFH, CYB5A, CYP4F3, SCP2, BHMT2, GLYAT, ASGR1, ABCC2, RGN, ECHDC2, HAO1, PTGR1, AR, ADH4, BHMT, AGMO, A1CF, PCSK6, HGD, TPRG1, HSD17B6, CP, GHR, CYP3A4, C5, CYP2E1, IL1RAP, LINC02027, ADRA1A, CLMN, PFKFB1, ABCB11, COBLL1, GPC6, PLG, MIR122HG","CELLxGENE Census 2025-11-08 (Healthy human liver integrated, Hep Comm 2021)",10.1002/hep4.1854,spatial_rna,spatial_anatomical,snRNA+scRNA+Visium spatial; hepatocyte zonation spatially validated,Hep Commun 2021 cholangiocyte/mesenchymal,2021,2021,False,2026-06-17,low,"type (zonation=gradient, score at hepatocyte)",data/raw/liver_spatial_2021.h5ad,scanpy.rank_genes_groups[wilcoxon]+autozyme,120,subtype_resolution,parenchymal,boost,False,partial,correct,
cerebellum_mouse_2021__ependymal_cell,cerebellum_mouse_2021,cerebellum,mouse,Ependymal cell,Glial,medium,subtype_resolution,ependymal/ependymocyte,1,"Ecrg4, Glis3, Spag16, Agbl4, Lrriq1, Ezr, Ttr, Ccdc30, Dnai4, Fhad1, Nxn, Cfap69, Cfap54, Tubb4b, Gm29266, Gas6, Slit2, Otx2os1, Cachd1, Folr1, Tead1, Rbm47, Cfap44, Clu, Igfbp2, Wls, Rfx3, Prdm16, Slc16a2, Spata17, Htr2c, Cimap3, Spef2, Esrrg, Col8a1, Arl6ip1, Gm14964, Gmnc, L3mbtl3, Gm4876, Kif9, Tmem72, Bmp6, Nme5, Clic6, Calml4, Cfap65, Armc2, Enpp2, Apoe",CELLxGENE Census 2025-11-08 (mouse cerebellum (mirrors human cerebellum)),10.1038/s41586-021-03220-z,spatial_slideseq,spatial_anatomical,Slide-seqV2 spatial mapping of cerebellar cell types (companion RCTD paper),mouse cerebellum (mirrors human cerebellum),2021,2021.0,False,2026-06-17,low,type,data/raw/cerebellum_mouse_2021.h5ad,scanpy.rank_genes_groups[wilcoxon]+autozyme,120,subtype_resolution,neural,boost,False,partial,correct,
wells_bone_marrow__immature_innate_lymphoid_cell,wells_bone_marrow,bone_marrow,human,Immature ILC,Innate lymphoid cell,hard,rare_or_state,innate lymphoid/ILC;immature/precursor,2,"GNLY, NKG7, CD7, TYROBP, CTSW, GZMB, AREG, KLRD1, CD247, IFITM2, FCER1G, CLIC3, PRF1, KLRF1, XCL2, LITAF, CST7, ARL4C, SPON2, EFHD2, BHLHE40, TGFB1, IL2RB, METRNL, HOPX, SRGN, KLRB1, JAK1, ARHGAP9, CMC1, MATK, IFITM1, MAP3K8, NFKBIA, RUNX3, KLRK1, IER2, TXK, TAMALIN, MAFF, SH2D1B, GZMA, SYTL3, HSH2D, FOSL2, ITGB2, IFITM3, ZFP36, CEBPD, DUSP2",CELLxGENE Census 2025-11-08,1b350d0a-4535-4879-beb6-1142f3f94947,cite_seq_protein,orthogonal_molecular,CITE-seq multimodal classifier used RNA plus ADT protein labels across tissues; strong but not pure protein gating.,Wells et al. 2025 Nat Immunol DOI:10.1038/s41590-025-02241-4,2025-06-18,,True,2026-06-17,low,subtype,data/raw/wells_bone_marrow.h5ad,scanpy.rank_genes_groups[wilcoxon]+autozyme,1500,near_neighbor_state,other,frontier,True,wrong,,untested
pancreas_islet_multiome_2022__pancreatic_epsilon_cell,pancreas_islet_multiome_2022,pancreas,human,Epsilon cell,Pancreatic endocrine,hard,rare_or_state,epsilon cell/ghrelin/GHRL;islet,1,"GHRL, TTR, PCSK1N, CLU, GCG, CPE, CHGB, SCG5, ASGR1, INS, REG1A, APOH, CHGA, VSTM2L, SERPINA1, ACSL1, GC, VAMP2, SST, REG1B, PHGR1, HLA-A, MT1G, LY6H, FRZB, SSR4, GNAS, BEX1, TM4SF5, SNHG9, B2M, SPINK1, IDS, TMEM86B, TMEM45B, VTN, F10, SPTSSB, UBC, CDHR5, PROC, TM4SF4, ACOT7, ICA1L, DDX5, FXYD3, TFF3, ARX, MT1E, VGF","CELLxGENE Census 2025-11-08 (Islet multiomics, Nat Metab 2022)",10.1038/s42255-022-00531-x,multiome_atac,orthogonal_molecular,same-cell RNA+ATAC multiome; ATAC backs islet endocrine calls; normal subset only,Nat Metab 2022 islet multiomics,2022,2022,False,2026-06-17,low,type,data/raw/pancreas_islet_multiome_2022.h5ad,scanpy.rank_genes_groups[wilcoxon]+autozyme,150,near_neighbor_state,parenchymal,frontier,True,partial,partial,yes
wells_lung__group_1_innate_lymphoid_cell,wells_lung,lung,human,Group 1 ILC,Innate lymphoid cell,hard,rare_or_state,ILC1/group 1 innate/innate lymphoid,1,"CD7, GNLY, TYROBP, CCL5, CD247, HOPX, GZMA, GZMB, XCL2, NKG7, FCER1G, CTSW, TNFRSF18, KRT86, EVL, KLRK1, PRF1, TRDC, ARHGAP9, IL2RB, KLRD1, KIR2DL4, GSTP1, KLRB1, TMSB4X, JUND, APOBEC3G, KLRC2, CD96, KRT81, MATK, LCP1, CD63, CST7, HCST, CCL4, IVNS1ABP, XCL1, SH2D1B, TNFAIP3, TMIGD2, TGFB1, ITGA1, TXK, PIK3R1, HSPA5, ACTN4, TRBC1, ID2, FYN",CELLxGENE Census 2025-11-08,1b350d0a-4535-4879-beb6-1142f3f94947,cite_seq_protein,orthogonal_molecular,CITE-seq multimodal classifier used RNA plus ADT protein labels across tissues; strong but not pure protein gating.,Wells et al. 2025 Nat Immunol DOI:10.1038/s41590-025-02241-4,2025-06-18,,True,2026-06-17,low,subtype,data/raw/wells_lung.h5ad,scanpy.rank_genes_groups[wilcoxon]+autozyme,242,rna_protein_discordant,other,frontier,True,wrong,wrong,no
wells_small_intestine__CD16_positive_CD56_dim_natural_killer_cell_human,wells_small_intestine,small_intestine,human,CD56-dim NK cell,NK cell,hard,subtype_resolution,CD56-dim/CD56dim/CD16-positive/cytotoxic NK;NK/natural killer,2,"NKG7, PRF1, GNLY, GZMB, CST7, FCGR3A, CTSW, FGFBP2, ITGB2, HLA-C, B2M, IFITM1, IFITM2, EFHD2, PFN1, KLRD1, SPON2, GZMH, TYROBP, CD247, HOPX, HCST, CYBA, ABHD17A, S1PR5, HLA-A, GZMA, ADGRG1, S100A4, KLRF1, SH3BGRL3, ARL4C, PLEK, IL2RG, FLNA, TMSB10, TBX21, CCL4, CX3CR1, TLE5, MYL12A, KLF2, SYNE1, PLAC8, C12orf75, LITAF, RAC2, PTPRC, TRBC1, CLIC3",CELLxGENE Census 2025-11-08,1b350d0a-4535-4879-beb6-1142f3f94947,cite_seq_protein,orthogonal_molecular,CITE-seq multimodal classifier used RNA plus ADT protein labels across tissues; strong but not pure protein gating.,Wells et al. 2025 Nat Immunol DOI:10.1038/s41590-025-02241-4,2025-06-18,,True,2026-06-17,low,subtype,data/raw/wells_small_intestine.h5ad,scanpy.rank_genes_groups[wilcoxon]+autozyme,597,rna_protein_discordant,immune,frontier,True,partial,wrong,yes
pbmc_hao_citeseq__plasmablast,pbmc_hao_citeseq,blood,human,Plasmablast,B cell,medium,subtype_resolution,plasmablast/plasma cell/antibody-secreting,1,"MZB1, HSP90B1, JCHAIN, PPIB, SEC11C, TNFRSF17, PDIA4, SSR4, SPCS2, ITM2C, SSR3, DERL3, MYDGF, TXNDC5, UBE2J1, FKBP11, LMAN1, HSPA5, XBP1, PDIA6, SUB1, SDF2L1, MANF, CALR, SPCS1, MAN1A1, IGHA1, TXNDC11, CD38, ISG20, POU2AF1, ERLEC1, SELENOS, PRDX4, ELL2, SPATS2, SEC61B, CLPTM1L, SPCS3, FKBP2, P4HB, EAF2, TNFRSF13B, KDELR2, CRELD2, TENT5C, CPNE5, DDOST, TP53INP1, HM13",CELLxGENE Census 2025-11-08,ed5d841d-6346-47d4-ab2f-7119ad7e3a35,cite_seq_protein,orthogonal_molecular,CITE-seq WNN labels use RNA plus antibody-derived protein; protein contributes independent evidence for immune subsets.,Hao et al. 2021 Cell DOI:10.1016/j.cell.2021.04.048,2021-05-12,,False,2026-06-17,low,subtype,data/raw/pbmc_hao_citeseq.h5ad,scanpy.rank_genes_groups[wilcoxon]+autozyme,366,subtype_resolution,immune,frontier,False,partial,,yes
placenta_trophoblast_2023__endothelial_cell_of_uterus,placenta_trophoblast_2023,placenta,human,Uterine endothelial cell,Endothelial,medium,subtype_resolution,uterine endothelial/decidual endothelial;endothelial,1,"ADGRL4, LDB2, VWF, EGFL7, SPARCL1, PECAM1, SPTBN1, CALCRL, IGFBP7, PCDH17, PALMD, TCF4, CD34, A2M, PLCB4, NFIB, TSHZ2, EMCN, DACH1, HLA-A, ERG, ARHGAP29, EMP1, RAPGEF5, TEK, IGFBP4, HLA-B, CYYR1, PTPRB, TM4SF1, FLI1, VIM, MECOM, DIPK2B, PRSS23, ZBTB20, ADAMTS9, HLA-E, IFITM2, ZNF521, TIE1, APP, TMTC1, ZNF385D, SHANK3, CDH5, NR5A2, PKP4, IFI27, MAGI1","CELLxGENE Census 2025-11-08 (Spatial multiomics trophoblast, Nature 2023)",10.1038/s41586-023-05869-0,multiome_atac_spatial,orthogonal_molecular,same-nucleus 10x multiome (RNA+ATAC) + Visium spatial back trophoblast calls,Arutyunyan Nature 2023,2023,2023,True,2026-06-17,low,type,data/raw/placenta_trophoblast_2023.h5ad,scanpy.rank_genes_groups[wilcoxon]+autozyme,120,subtype_resolution,stromal,frontier,False,partial,missing,untested
