paper,doi,local_status,usable_for_benchmark,reason,case_file,num_cases
"Coulton 2024, pan-cancer TAM atlas",10.1038/s41467-024-49885-8,PDF and Supplementary Data 1-7 available locally,yes - primary,Author-defined TAM clusters with differential marker table; best match to current tumor macrophage reference docs.,cases/literature/coulton_2024_pan_cancer_tam_covered.csv,12
"Coulton 2024, pan-cancer TAM atlas",10.1038/s41467-024-49885-8,PDF and Supplementary Data 1-7 available locally,yes - extended,Broader cluster set includes monocyte-like and less-covered TAM labels; useful after reference brain is expanded.,cases/literature/coulton_2024_pan_cancer_tam_all.csv,22
"Wang 2023, prenatal macrophage atlas",10.1016/j.cell.2023.08.019,Supplementary XLSX files available locally,yes - future domain,"Fifteen developmental macrophage subtypes with DEGs; not a tumor macrophage benchmark, so current reference coverage is partial.",cases/literature/wang_2023_prenatal_macrophage.csv,15
"Li 2023, uveal melanoma macrophages",10.1038/s12276-023-01115-9,PDF and two CSV supplements available locally,partial,"Four macrophage clusters have DEGs, but labels are M-C1 to M-C4; needs paper-derived semantic mapping before strict subtype scoring.",cases/literature/li_2023_uveal_melanoma_macrophage.csv,4
"Li 2024, pan-cancer ICB myeloid atlas",10.1038/s41467-024-50478-8,Supplementary Data 2 PDF marker table downloaded locally,yes - independent pan-cancer macrophage,Nine author-defined Macro_* clusters have positive marker genes and map well to the human cancer macrophage consensus layer.,cases/literature/li_2024_pan_cancer_icb_macrophage.csv,9
"Qi 2022, colorectal cancer myeloid atlas",10.1038/s41467-022-29366-6,Supplementary Data 2 XLSX downloaded on demand to Benchmark/reference_subtype/source_data,yes - heldout,Author-defined myeloid/macrophage subtypes with DEG table; intentionally not used as reference-brain evidence.,cases/heldout/qi_2022_crc_macrophage.csv,4
"Cheng 2021, pan-cancer tumor-infiltrating myeloid atlas",10.1016/j.cell.2021.01.010,PDF and Supplementary Tables mmc1-mmc6 available locally,reference evidence,"High-impact source for angiogenic TAM facts and signatures, but local supplements do not provide a clean author-labeled macrophage subtype marker benchmark table.",,0
"Mulder 2021, MNP-VERSE",10.1016/j.immuni.2021.07.007,PDF and Supplementary Tables mmc2-mmc8 available locally,partial,Strong cross-tissue MoMac signatures; cluster IDs need semantic label mapping before strict subtype scoring.,,0
"Ochocka 2021, glioma-associated brain macrophages",10.1038/s41467-021-21407-w,PDF and Supplementary Data 3 available locally,partial,Top DEGs by MG cluster are available; needs microglia/macrophage label mapping and a CNS-specific reference branch.,,0
